n students,chance of match
20,0.41143838358057994
23,0.5072972343239854
25,0.5686997039694639
35,0.8143832388747152
40,0.891231809817949
50,0.9703735795779884
